<?xml version="1.0"?>
<Route>
   <Initial X="100" Y="200" Tag="1" >
		<Action left_motor="1000" right_motor="1000" distance="2000" description="Homing"/>
   </Initial>
   <Tag id="tg001" X = "600" Y="200" >
      <Action left_motor="1000" right_motor="1000" distance="2000" description="Home Point"/>
   </Tag>
   <Tag id="tg002" X = "900" Y = "200" >
      <Action left_motor="1000" right_motor="1000" distance="3000" description="Point1"/>
   </Tag>
   <Tag id="tg003" X = "900" Y = "400" >
      <Action left_motor="1000" right_motor="1000" distance="4000" description="Point2"/>
   </Tag>   
   <Tag id="tg004" X = "900" Y = "700" >
      <Action left_motor="1000" right_motor="1000" distance="5000" description="Point3"/>
   </Tag>   
   <Tag id="tg005" X = "900" Y = "1000" >
      <Action left_motor="1000" right_motor="1000" distance="5000" description="Point3"/>
   </Tag>   
   <Tag id="tg006" X = "900" Y = "1500" >
      <Action left_motor="1000" right_motor="1000" distance="5000" description="Point3"/>
   </Tag>   
   <Tag id="tg007" X = "900" Y = "2050" >
      <Action left_motor="1000" right_motor="1000" distance="5000" description="Point3"/>
   </Tag>   
   <Tag id="tg007" X = "1400" Y = "2050" >
      <Action left_motor="1000" right_motor="1000" distance="5000" description="Point3"/>
   </Tag>   
   <Tag id="tg007" X = "1600" Y = "2050" >
      <Action left_motor="1000" right_motor="1000" distance="5000" description="Point3"/>
   </Tag>   
   <Tag id="tg007" X = "1800" Y = "2050" >
      <Action left_motor="1000" right_motor="1000" distance="5000" description="Point3"/>
   </Tag>   
   <Tag id="tg007" X = "2000" Y = "2050" >
      <Action left_motor="1000" right_motor="1000" distance="5000" description="Point3"/>
   </Tag>   
   <Tag id="tg007" X = "2200" Y = "2050" >
      <Action left_motor="1000" right_motor="1000" distance="5000" description="Point3"/>
   </Tag>   
   <Tag id="tg007" X = "2600" Y = "2050" >
      <Action left_motor="1000" right_motor="1000" distance="5000" description="Point3"/>
   </Tag>   
   <Tag id="tg007" X = "3000" Y = "2050" >
      <Action left_motor="1000" right_motor="1000" distance="5000" description="Point3"/>
   </Tag>
   <Tag id="tg007" X = "3100" Y = "2000" >
      <Action left_motor="1000" right_motor="1000" distance="5000" description="Point3"/>
   </Tag>   
   <Tag id="tg007" X = "3000" Y = "1900" >
      <Action left_motor="1000" right_motor="1000" distance="5000" description="Point3"/>
   </Tag>
   <Tag id="tg007" X = "2600" Y = "1900" >
      <Action left_motor="1000" right_motor="1000" distance="5000" description="Point3"/>
   </Tag>
   <Tag id="tg007" X = "2200" Y = "1900" >
      <Action left_motor="1000" right_motor="1000" distance="5000" description="Point3"/>
   </Tag>
   <Tag id="tg007" X = "1800" Y = "1900" >
      <Action left_motor="1000" right_motor="1000" distance="5000" description="Point3"/>
   </Tag>
   <Tag id="tg007" X = "1100" Y = "1900" >
      <Action left_motor="1000" right_motor="1000" distance="5000" description="Point3"/>
   </Tag>
   <Tag id="tg007" X = "1100" Y = "800" >
      <Action left_motor="1000" right_motor="1000" distance="5000" description="Point3"/>
   </Tag>
   <Tag id="tg007" X = "1100" Y = "100" >
      <Action left_motor="1000" right_motor="1000" distance="5000" description="Point3"/>
   </Tag>
   <Tag id="tg007" X = "150" Y = "100" >
      <Action left_motor="1000" right_motor="1000" distance="5000" description="Point3"/>
   </Tag>
    <Tag id="tg007" X = "150" Y = "150" >
      <Action left_motor="1000" right_motor="1000" distance="5000" description="Point3"/>
   </Tag>
</Route>
