﻿<?xml version="1.0" encoding="utf-8"?>
<Root>
   <MyLevel1 MyAttr1 = "aaaaa" > WXYZ 
		<MyLevel2 MyAttr100 = "01" />
		<MyLevel2>IN_002</MyLevel2>
   </MyLevel1>
   <MyLevel1 MyAttr1 = "bbbbb" > WXYZ 
       <MyLevel2 MyAttr100 = "02" MyAttr101 = "h002" />
       <MyLevel2>IN_003</MyLevel2>
   </MyLevel1>
   <MyLevel1 MyAttr1 = "ccccc" > WXYZ 
       <MyLevel3 MyAttr100 = "h03" />
       <MyLevel3>IN_004</MyLevel3>
   </MyLevel1>
   <MyLevel1 MyAttr1 = "ddddd" > WXYZ 
       <MyLevel2 MyAttr100 = "h04" />
       <MyLevel2>IN_005</MyLevel2>
   </MyLevel1>
   <YouLevel1 MyAttr1 = "ddddd" > WXYZ 
       <MyLevel2 MyAttr100 = "05" />
       <MyLevel2>IN_006</MyLevel2>
   </YouLevel1>
   <MyLevel1 MyAttr1 = "bbbbb" MyAttr2 = "bbbbb"/>
   <MyLevel1 MyAttr10 = "UUUUUUUUU" />
   <MyLevel1>IN_007</MyLevel1>
</Root>