<?xml version="1.0"?>
<Route>
   <Initial X="400" Y="1150" Tag="1" >
		<Action left_motor="1000" right_motor="1000" distance="2000" description="Homing"/>
   </Initial>
   <Tag id="tg001" X = "300" Y="1150" >
      <Action left_motor="1000" right_motor="1000" distance="2000" description="Home Point"/>
   </Tag>
   <Tag id="tg002" X = "500" Y = "1150" >
      <Action left_motor="1000" right_motor="1000" distance="3000" description="Point1"/>
   </Tag>
    <Tag id="tg002" X = "1000" Y = "1150" >
      <Action left_motor="1000" right_motor="1000" distance="3000" description="Point1"/>
   </Tag>
   <Tag id="tg003" X = "1000" Y = "210" >
      <Action left_motor="1000" right_motor="1000" distance="4000" description="Point2"/>
   </Tag>   
   <Tag id="tg004" X = "1000" Y = "210" >
      <Action left_motor="1000" right_motor="1000" distance="5000" description="Point3"/>
   </Tag>   
   <Tag id="tg005" X = "1500" Y = "210" >
      <Action left_motor="1000" right_motor="1000" distance="5000" description="Point3"/>
   </Tag>   
   <Tag id="tg006" X = "1900" Y = "210" >
      <Action left_motor="1000" right_motor="1000" distance="5000" description="Point3"/>
   </Tag>   
   <Tag id="tg007" X = "2100" Y = "170" >
      <Action left_motor="1000" right_motor="1000" distance="5000" description="Point3"/>
   </Tag>   
    <Tag id="tg007" X = "1900" Y = "130" >
      <Action left_motor="1000" right_motor="1000" distance="5000" description="Point3"/>
   </Tag> 
   <Tag id="tg007" X = "900" Y = "130" >
      <Action left_motor="1000" right_motor="1000" distance="5000" description="Point3"/>
   </Tag> 
   <Tag id="tg007" X = "900" Y = "1000" >
      <Action left_motor="1000" right_motor="1000" distance="5000" description="Point3"/>
   </Tag> 
   <Tag id="tg007" X = "200" Y = "1000" >
      <Action left_motor="1000" right_motor="1000" distance="5000" description="Point3"/>
   </Tag> 
   <Tag id="tg007" X = "100" Y = "1100" >
      <Action left_motor="1000" right_motor="1000" distance="5000" description="Point3"/>
   </Tag> 
</Route>
